https://www.youtube.com/watch?v=9POCgSRVvf0,Alice in Wonderland (2010 film),1,0,0,0,0,0,0,0,0,0
https://www.youtube.com/watch?v=ixZfHe4ehzw,Alpha and Omega (film),1,0,1,0,0,0,0,1,0,0
https://www.youtube.com/watch?v=hPYRslx1w4Y,The American (2010 film),0,0,0,1,1,0,0,0,0,1
https://www.youtube.com/watch?v=coVi98u5RL0,Black Swan (film),0,0,0,0,1,0,1,0,0,1
https://www.youtube.com/watch?v=3oiY7W7nDeE,Blue Valentine (film),0,0,0,0,1,0,0,1,0,0
https://www.youtube.com/watch?v=kAMUv22y1og,The Book of Eli,1,1,0,0,1,0,0,0,0,1
https://www.youtube.com/watch?v=tOGRLdlWHT4,The Bounty Hunter (2010 film),0,1,1,0,0,0,0,1,0,0
https://www.youtube.com/watch?v=j1Yyhxq56Xg,Buried (film),0,0,0,0,1,0,1,0,0,1
https://www.youtube.com/watch?v=VKxq8PGNMcc,Burlesque (2010 musical film),0,0,0,0,1,0,0,1,0,0
https://www.youtube.com/watch?v=w1igM1mfzPI,Casino Jack,0,0,1,1,1,0,0,0,0,0
https://www.youtube.com/watch?v=LIGdleyv8vo,City Island (film),0,0,1,0,1,0,0,0,0,0
https://www.youtube.com/watch?v=XJNenKqmOMU,Clash of the Titans (2010 film),1,1,0,0,0,0,0,0,0,0
https://www.youtube.com/watch?v=xa5qg7cB1ZQ,The Company Men,0,0,0,0,1,0,0,0,0,0
https://www.youtube.com/watch?v=NrPtr0aQx3s,Conviction (2010 film),0,0,0,0,1,0,0,0,0,0
https://www.youtube.com/watch?v=Yb3S84gKqFE,Cop Out (2010 film),0,1,1,1,0,0,0,0,0,0
https://www.youtube.com/watch?v=GOLzfxrgvKM,Country Strong,0,0,0,0,1,0,0,0,0,0
https://www.youtube.com/watch?v=J7w9uWFIMBs,The Crazies (2010 film),0,0,0,0,0,1,1,0,0,1
https://www.youtube.com/watch?v=mbVPb_lkRpw,Daybreakers,0,1,0,0,0,1,0,0,1,1
https://www.youtube.com/watch?v=ydmqSjgz85M,Dear John (2010 film),0,0,0,0,1,0,0,1,0,0
https://www.youtube.com/watch?v=F5jjbQuv2h4,Death at a Funeral (2010 film),0,0,1,0,0,0,0,0,0,0
https://www.youtube.com/watch?v=sUkZFetWYY0,Despicable Me,0,0,1,0,0,0,0,0,0,0
https://www.youtube.com/watch?v=LQdues4SA4w,Devil (2010 film),0,0,0,0,0,1,1,0,0,1
https://www.youtube.com/watch?v=7ZVEIgPeDCE,Diary of a Wimpy Kid (film),0,0,1,0,0,0,0,0,0,0
https://www.youtube.com/watch?v=Hd_aN0LAgMo,Due Date,0,0,1,0,0,0,0,0,0,0
https://www.youtube.com/watch?v=mjay5vgIwt4,Eat Pray Love,0,0,0,0,1,0,0,1,0,0
https://www.youtube.com/watch?v=hVOH8xrCI9I,Edge of Darkness (2010 film),0,0,0,1,1,0,1,0,0,1
https://www.youtube.com/watch?v=E_LCuy5ComA,The Expendables (2010 film),1,1,0,0,0,0,0,0,0,1
https://www.youtube.com/watch?v=Y9dBeef9KWc,The Extra Man (film),0,0,1,0,0,0,0,0,0,0
https://www.youtube.com/watch?v=hUNUaAREi9A,Extraordinary Measures,0,0,0,0,1,0,0,0,0,0
https://www.youtube.com/watch?v=Buf4_Crt27c,Faster (2010 film),0,1,0,1,1,0,0,0,0,1
https://www.youtube.com/watch?v=FgzTt_eVbaY,The Fighter (2010 film),0,0,0,0,1,0,0,0,0,0
https://www.youtube.com/watch?v=q40GxY5n2Dg,Flipped (film),0,0,1,0,1,0,0,1,0,0
https://www.youtube.com/watch?v=GaGzVcWuyR4,Freakonomics (film),0,0,0,0,0,0,0,0,0,0
https://www.youtube.com/watch?v=t40DINNGjYE,From Paris with Love (film),0,1,0,0,0,0,0,0,0,1
https://www.youtube.com/watch?v=GiUNsDVjCbo,Frozen (2010 American film),1,0,1,0,0,0,0,0,0,0
https://www.youtube.com/watch?v=FQAx4_So3UE,Furry Vengeance,0,0,1,0,0,0,0,0,0,0
https://www.youtube.com/watch?v=I755U1Par9w,Get Low (film),0,0,0,0,1,0,1,0,0,0
https://www.youtube.com/watch?v=1HGDx2cAdMo,Going the Distance (2010 film),0,0,1,0,0,0,0,1,0,0
https://www.youtube.com/watch?v=EFW_pPc6dO4,The Good Guy (film),0,0,1,0,0,0,0,1,0,0
https://www.youtube.com/watch?v=TfjNuq9Yq3s,The Greatest (2009 film),0,0,0,0,1,0,0,1,0,0
https://www.youtube.com/watch?v=syXsoovLUVA,Green Zone (film),0,1,0,0,1,0,0,0,0,1
https://www.youtube.com/watch?v=e01NVCveGkg,Grown Ups (2010 film),0,0,1,0,0,0,0,0,0,0
https://www.youtube.com/watch?v=xDnHfQtH0zU,Hereafter (film),0,0,0,0,1,0,0,0,0,0
https://www.youtube.com/watch?v=_mAeR9ez5Wk,Holy Rollers (film),0,0,0,1,1,0,0,0,0,0
https://www.youtube.com/watch?v=_TXNEE6SaoI,Hot Tub Time Machine,0,0,1,0,0,0,0,0,1,0
https://www.youtube.com/watch?v=hgl_CKpUEek,How Do You Know (film),0,0,1,0,1,0,0,1,0,0
https://www.youtube.com/watch?v=oKiYuIsPxYk,How to Train Your Dragon (film),1,0,0,0,0,0,0,0,0,0
https://www.youtube.com/watch?v=66TuSJo4dZM,Inception,0,1,0,0,0,0,1,0,1,1
https://www.youtube.com/watch?v=FNQowwwwYa0,Iron Man 2,1,1,0,0,0,0,0,0,1,0
https://www.youtube.com/watch?v=_l0zSd_DQQ4,Jonah Hex (film),0,1,0,0,1,0,0,0,0,1
https://www.youtube.com/watch?v=n2Y3GoN2PGw,The Joneses,0,0,1,0,1,0,0,0,0,0
https://www.youtube.com/watch?v=RixlpHKfb6M,The Kids Are All Right (film),0,0,1,0,1,0,0,0,0,0
https://www.youtube.com/watch?v=1I4rDHxzeCg,The Killer Inside Me (2010 film),0,0,0,1,1,0,0,0,0,1
https://www.youtube.com/watch?v=NXX51rOSHuE,Killers (2010 film),0,1,1,0,0,0,0,1,0,1
https://www.youtube.com/watch?v=JGPl86DBNNs,Knight and Day,0,1,1,0,0,0,0,1,0,0
https://www.youtube.com/watch?v=dOxQ7DmBQRg,The Last Exorcism,0,0,0,0,1,1,0,0,0,1
https://www.youtube.com/watch?v=7Bmuzr8K5ak,The Last Song (film),0,0,0,0,1,0,0,1,0,0
https://www.youtube.com/watch?v=HrlQBsd8LsE,Leap Year (2010 film),0,0,1,0,0,0,0,1,0,0
https://www.youtube.com/watch?v=5mJEq85d1R8,Legion (2010 film),0,1,0,0,0,1,0,0,0,0
https://www.youtube.com/watch?v=reRRAEVHq8E,Let Me In (film),0,0,0,0,1,1,1,0,0,0
https://www.youtube.com/watch?v=8j2thFDUNO8,Letters to God,0,0,0,0,1,0,0,0,0,0
https://www.youtube.com/watch?v=prc50Uod_vQ,Letters to Juliet,0,0,1,0,1,0,0,1,0,0
https://www.youtube.com/watch?v=XT6olxrZUJs,Like Dandelion Dust,0,0,0,0,1,0,0,0,0,0
https://www.youtube.com/watch?v=CIUpb2aQ5rM,Little Fockers,0,0,1,0,0,0,0,1,0,0
https://www.youtube.com/watch?v=o_K6y8ihyi8,The Losers (film),0,1,0,1,1,0,1,0,0,1
https://www.youtube.com/watch?v=XXiuT5Zd8Do,Machete (film),0,1,0,1,0,0,0,0,0,1
https://www.youtube.com/watch?v=NerHJqENCvs,Marmaduke (film),0,0,1,0,0,0,0,0,0,0
https://www.youtube.com/watch?v=NPI0eatlo_M,Megamind,0,1,1,0,0,0,0,0,1,0
https://www.youtube.com/watch?v=m3gcb_9Q10E,Middle Men (film),0,0,1,1,1,0,0,0,0,0
https://www.youtube.com/watch?v=s9lWUqraDoU,Morning Glory (2010 film),0,0,1,0,1,0,0,1,0,0
https://www.youtube.com/watch?v=H87uMXAQzjc,Mother and Child (film),0,0,0,0,1,0,0,1,0,0
https://www.youtube.com/watch?v=RmByUgdi6wE,My Soul to Take,0,0,0,0,0,1,1,0,0,1
https://www.youtube.com/watch?v=sXiRZhDEo8A,Never Let Me Go (2010 film),0,0,0,0,1,0,0,1,1,0
https://www.youtube.com/watch?v=lti0vfCPZns,The Next Three Days,0,0,0,1,1,0,0,1,0,1
https://www.youtube.com/watch?v=ZuYoEtEI_go,A Nightmare on Elm Street (2010 film),0,0,0,0,0,1,0,0,0,0
https://www.youtube.com/watch?v=wKfmsOfYNh8,Our Family Wedding,0,0,1,0,0,0,0,1,0,0
https://www.youtube.com/watch?v=07XbSk7Rjt4,Paranormal Activity 2,0,0,0,0,0,1,0,0,0,0
https://www.youtube.com/watch?v=vfB4dSUTFgE,Passion Play (film),0,0,0,0,1,0,0,1,0,0
https://www.youtube.com/watch?v=9u8vZwvP57Y,Predators (film),1,1,0,0,0,0,0,0,1,1
https://www.youtube.com/watch?v=6yG4oBdWONM,Ramona and Beezus,1,0,1,0,0,0,0,0,0,0
https://www.youtube.com/watch?v=3bsU5ePDSrA,Red (2010 film),0,1,1,1,0,0,0,0,0,1
https://www.youtube.com/watch?v=IMBfTdm9ALk,Remember Me (2010 film),0,0,0,0,1,0,0,1,0,0
https://www.youtube.com/watch?v=jl9Nvg4yuus,Repo Men,0,1,0,1,0,0,0,0,1,1
https://www.youtube.com/watch?v=mVWVD7DnNag,The Romantics (film),0,0,1,0,1,0,0,1,0,0
https://www.youtube.com/watch?v=uHpEJ749TRM,The Runaways (film),0,0,0,0,1,0,0,0,0,0
https://www.youtube.com/watch?v=mjOcEvBmYGE,Salt (2010 film),0,1,0,1,0,0,1,0,0,1
https://www.youtube.com/watch?v=V1IwmygKN6c,Saw VII,0,0,0,0,0,1,1,0,0,0
https://www.youtube.com/watch?v=UKmuvjL2cVw,Secretariat (film),0,0,0,0,1,0,0,0,0,0
https://www.youtube.com/watch?v=f0jcltMRJaU,Sex and the City 2,0,0,1,0,1,0,0,1,0,0
https://www.youtube.com/watch?v=u7__TG7swg0,Shrek Forever After,1,0,1,0,0,0,0,0,0,0
https://www.youtube.com/watch?v=5iaYLCiq5RM,Shutter Island (film),0,0,0,0,0,0,1,0,0,1
https://www.youtube.com/watch?v=qdOGJi5Sne4,Skyline (film),0,1,0,0,0,0,0,0,1,1
https://www.youtube.com/watch?v=lB95KLmpLR4,The Social Network,0,0,0,0,1,0,0,0,0,0
https://www.youtube.com/watch?v=lm95_LnjUJQ,Solitary Man (film),0,0,1,0,1,0,0,1,0,0
https://www.youtube.com/watch?v=iEga7Hz9a3U,Somewhere (2010 film),0,0,1,0,1,0,0,0,0,0
https://www.youtube.com/watch?v=8pIeSYhipUs,Splice (film),0,0,0,0,0,1,0,0,1,0
https://www.youtube.com/watch?v=yrrkQFf6QvI,The Spy Next Door,0,1,1,0,0,0,0,0,0,0
https://www.youtube.com/watch?v=TZe1Qz2twbE,Step Up 3D,0,0,0,0,1,0,0,1,0,0
https://www.youtube.com/watch?v=FOcSnURwn50,Stone (2010 film),0,0,0,0,1,0,0,0,0,1
https://www.youtube.com/watch?v=7g0IPbbVUaI,The Switch (2010 film),0,0,1,0,1,0,0,1,0,0
https://www.youtube.com/watch?v=gKPzjsl9gYA,Tangled (2010 film),0,0,1,0,0,0,0,1,0,0
https://www.youtube.com/watch?v=G34WI0hSF1o,The Tempest (2009 film),0,0,1,0,1,0,0,1,0,0
https://www.youtube.com/watch?v=XzE35C31KJQ,Tooth Fairy (2010 film),0,0,1,0,0,0,0,0,0,0
https://www.youtube.com/watch?v=WcXt9aUMbBk,The Town (2010 film),0,0,0,1,1,0,0,0,0,1
https://www.youtube.com/watch?v=5R0vcopCNG0,The Tourist (2010 film),0,1,0,0,0,0,0,1,0,1
https://www.youtube.com/watch?v=JcpWXaA2qeg,Toy Story 3,1,0,1,0,0,0,0,0,0,0
https://www.youtube.com/watch?v=5GkAH7IUWOE,True Grit (2010 film),1,0,0,0,1,0,0,0,0,0
https://www.youtube.com/watch?v=glfM3SufqJU,Vampires Suck,0,0,1,0,0,0,0,0,0,0
https://www.youtube.com/watch?v=DnEi2PXflXs,You Again,0,0,1,0,0,0,0,1,0,0
https://www.youtube.com/watch?v=BMOpyl14mII,You Will Meet a Tall Dark Stranger,0,0,1,0,1,0,0,1,0,0
https://www.youtube.com/watch?v=vKVwToDbpq0,Youth in Revolt (film),0,0,1,0,1,0,0,1,0,0
https://www.youtube.com/watch?v=Yh12cKUob_M,30 Minutes or Less,0,1,1,1,0,0,0,0,0,0
https://www.youtube.com/watch?v=wZJ0TP4nTaE,The Adjustment Bureau,0,0,0,0,0,0,0,1,1,1
https://www.youtube.com/watch?v=4RGhKzUUaME,Apollo 18 (film),0,0,0,0,0,1,0,0,1,1
https://www.youtube.com/watch?v=rtTVquZ2TFk,Arthur (2011 film),0,0,1,0,0,0,0,1,0,0
https://www.youtube.com/watch?v=Neo6W1f7hyY,Beastly (film),0,0,0,0,1,0,0,1,0,0
https://www.youtube.com/watch?v=DOSOWNS3jts,The Beaver (film),0,0,0,0,1,0,0,0,0,0
https://www.youtube.com/watch?v=rXUFUp6vsxg,Beginners,0,0,1,0,1,0,0,1,0,0
https://www.youtube.com/watch?v=vha1dmIXVqY,A Better Life,0,0,0,0,1,0,0,0,0,0
https://www.youtube.com/watch?v=JCBAP2wId5M,The Big Year,0,0,1,0,0,0,0,0,0,0
https://www.youtube.com/watch?v=1UW9Zks5L2A,Bridesmaids (2011 film),0,0,1,0,0,0,0,1,0,0
https://www.youtube.com/watch?v=ON3kwJPwcMU,Carnage (2011 film),0,0,1,0,1,0,0,0,0,0
https://www.youtube.com/watch?v=oFTfAdauCOo,Cars 2,1,0,1,0,0,0,0,0,0,0
https://www.youtube.com/watch?v=GygXjwoXKKk,Colombiana (film),0,1,0,1,1,0,0,0,0,1
https://www.youtube.com/watch?v=o1iJZIMddpM,Conan the Barbarian (2011 film),1,1,0,0,0,0,0,0,0,0
https://www.youtube.com/watch?v=8XhOq5zp6j4,The Conspirator,0,0,0,1,1,0,0,0,0,0
https://www.youtube.com/watch?v=4sYSyuuLk5g,Contagion (film),0,0,0,0,1,0,0,0,1,1
https://www.youtube.com/watch?v=rLYmku9OJ6A,Courageous (film),0,0,0,0,1,0,0,0,0,0
https://www.youtube.com/watch?v=qnPV_MLgiIc,The Debt (2011 film),0,0,0,0,1,0,0,0,0,1
https://www.youtube.com/watch?v=pfPSrFDt5iQ,The Descendants (film),0,0,1,0,1,0,0,0,0,0
https://www.youtube.com/watch?v=TU8JFk7aXyA,The Dilemma,0,0,1,0,1,0,0,0,0,0
https://www.youtube.com/watch?v=Qy3eAiB5UPo,Dirty Girl (2010 film),0,0,1,0,1,0,0,0,0,0
https://www.youtube.com/watch?v=AJ_1eS2Erhk,Dolphin Tale,0,0,0,0,1,0,0,0,0,0
https://www.youtube.com/watch?v=nIeMYPfnST0,Dream House (film),0,0,0,0,1,0,1,0,0,1
https://www.youtube.com/watch?v=Pe6eOqheva8,Drive (2011 film),0,0,0,1,1,0,0,0,0,0
https://www.youtube.com/watch?v=4scfLJeDHHk,Drive Angry,0,1,1,0,0,0,0,0,0,1
https://www.youtube.com/watch?v=fH_RxANZa6M,Everything Must Go (film),0,0,1,0,1,0,0,0,0,0
https://www.youtube.com/watch?v=ugUDNpKurXU,Final Destination 5,0,0,0,0,0,1,0,0,0,1
https://www.youtube.com/watch?v=gtjI6OHVk00,Footloose (2011 film),0,0,1,0,1,0,0,1,0,0
https://www.youtube.com/watch?v=tx0GqHop4Sk,Friends with Benefits (film),0,0,1,0,0,0,0,1,0,0
https://www.youtube.com/watch?v=6enhzzeK6l0,Fright Night (2011 film),0,0,1,0,0,1,0,0,0,0
https://www.youtube.com/watch?v=pK2zYHWDZKo,The Future (film),0,0,1,0,0,0,0,0,0,0
https://www.youtube.com/watch?v=OAw2JMWtN7w,The Good Doctor (2011 film),0,0,0,0,1,0,0,0,0,1
https://www.youtube.com/watch?v=T4Ng2P3zxfM,The Greatest Movie Ever Sold,0,0,1,0,0,0,0,0,0,0
https://www.youtube.com/watch?v=r1fR4JfojCQ,The Green Hornet (2011 film),0,1,1,1,0,0,0,0,1,1
https://www.youtube.com/watch?v=f8ZPg8uaoR0,Green Lantern (film),1,1,0,0,0,0,0,0,1,1
https://www.youtube.com/watch?v=u73CLdHpbNk,Hanna (film),1,1,0,0,0,0,0,0,0,1
https://www.youtube.com/watch?v=gKWNUyTGqss,Happy Feet Two,0,0,1,0,0,0,0,0,0,0
https://www.youtube.com/watch?v=J_ajv_6pUnI,The Help (film),0,0,0,0,1,0,0,0,0,0
https://www.youtube.com/watch?v=HXKRKpvv3SU,Hesher (film),0,0,0,0,1,0,0,0,0,0
https://www.youtube.com/watch?v=4Vy92X1X2pg,Hop (film),1,0,1,0,0,0,0,0,0,0
https://www.youtube.com/watch?v=VpUeQV8sdOc,Horrible Bosses,0,0,1,1,0,0,0,0,0,0
https://www.youtube.com/watch?v=UGTfCw1x98A,Hugo (film),1,0,0,0,1,0,1,0,0,0
https://www.youtube.com/watch?v=kkH1h2ypqcQ,The Ides of March (film),0,0,0,0,1,0,0,0,0,0
https://www.youtube.com/watch?v=GSmJ5UXtUnk,Immortals (2011 film),0,1,0,0,1,0,0,0,0,0
https://www.youtube.com/watch?v=fdadZ_KrZVw,In Time (film),0,1,0,0,0,0,0,0,1,1
https://www.youtube.com/watch?v=Gmpn9_D8sZ0,Insidious (film),0,0,0,0,1,1,1,0,0,1
https://www.youtube.com/watch?v=qHKTXrUnN58,Jack and Jill (2011 film),0,0,1,0,0,0,0,0,0,0
https://www.youtube.com/watch?v=UukpvGLVWVs,Judy Moody and the Not Bummer Summer,0,0,1,0,0,0,0,0,0,0
https://www.youtube.com/watch?v=VWnIhMU_pRY,Jumping the Broom,0,0,1,0,1,0,0,0,0,0
https://www.youtube.com/watch?v=Jz5Ubqhru7g,Just Go with It,0,0,1,0,0,0,0,1,0,0
https://www.youtube.com/watch?v=lft48yFsHGU,Killer Elite (film),0,1,0,1,0,0,0,0,0,1
https://www.youtube.com/watch?v=YdaMGcOyfjM,Kung Fu Panda 2,1,1,1,0,1,0,0,0,0,0
https://www.youtube.com/watch?v=hTUvX_pYNBM,Like Crazy,0,0,0,0,1,0,0,1,0,0
https://www.youtube.com/watch?v=jOLqNOfzus4,Limitless (film),0,0,0,0,0,0,1,0,1,1
https://www.youtube.com/watch?v=xU4ReVEemN0,The Lincoln Lawyer (film),0,0,0,1,1,0,0,0,0,1
https://www.youtube.com/watch?v=Vg1Zi196YBE,Lucky (2011 film),0,0,1,0,0,0,0,1,0,0
https://www.youtube.com/watch?v=YbVQ2ygudRc,Margaret (2011 film),0,0,0,0,1,0,0,0,0,0
https://www.youtube.com/watch?v=_5f0eCfPYFw,Margin Call (film),0,0,0,0,1,0,0,0,0,1
https://www.youtube.com/watch?v=_aS5W___Ezk,Mars Needs Moms,1,1,1,0,0,0,0,0,1,0
https://www.youtube.com/watch?v=L9f9HkeTx4Y,The Mechanic (2011 film),0,1,0,1,0,0,0,0,0,1
https://www.youtube.com/watch?v=5nOF93SzX6s,Midnight in Paris,0,0,1,0,0,0,0,1,0,0
https://www.youtube.com/watch?v=AiAHlZVgXjk,Moneyball (film),0,0,0,0,1,0,0,0,0,0
https://www.youtube.com/watch?v=Rxm_bVVhbr8,Monte Carlo (2011 film),1,0,1,0,0,0,0,1,0,0
https://www.youtube.com/watch?v=pfJkusicBa4,The Muppets (film),0,0,1,0,0,0,0,0,0,0
https://www.youtube.com/watch?v=QOKP4I5Y2zY,The Music Never Stopped,0,0,0,0,1,0,0,0,0,0
https://www.youtube.com/watch?v=Dcro1wGqBBA,No Strings Attached (film),0,0,1,0,0,0,0,1,0,0
https://www.youtube.com/watch?v=1yvn8a16B9Q,Our Idiot Brother,0,0,1,0,1,0,0,0,0,0
https://www.youtube.com/watch?v=90r3CnPI0AM,Paranormal Activity 3,0,0,0,0,0,1,0,0,0,0
https://www.youtube.com/watch?v=N_YrFMAEKKA,Paul (film),1,0,1,0,0,0,0,0,1,0
https://www.youtube.com/watch?v=UfC5rMGrN58,Priest (2011 film),0,1,0,0,0,1,0,0,1,1
https://www.youtube.com/watch?v=4YziwpXjY2o,Prom (film),0,0,1,0,1,0,0,0,0,0
https://www.youtube.com/watch?v=55gmAtakjJ4,Puss in Boots (2011 film),1,0,1,0,0,0,0,0,0,0
https://www.youtube.com/watch?v=3S8a180uYBM,Real Steel,0,1,0,0,1,0,0,0,1,0
https://www.youtube.com/watch?v=ekKMYAOmTj0,Red Riding Hood (2011 film),0,0,0,0,0,1,1,0,0,1
https://www.youtube.com/watch?v=rVnAgwwIySo,Red State (2011 film),0,1,0,1,0,1,0,0,0,1
https://www.youtube.com/watch?v=P1GRO31ve5Q,Rio (2011 film),1,0,1,0,0,0,0,0,0,0
https://www.youtube.com/watch?v=EbCoDf44oCE,Rise of the Planet of the Apes,0,1,0,0,1,0,0,0,1,1
https://www.youtube.com/watch?v=hUJH7DpWSS4,The Rite (2011 film),0,0,0,0,1,1,1,0,0,1
https://www.youtube.com/watch?v=7NX30f8b1Oo,The Roommate,0,0,0,0,1,1,0,0,0,1
https://www.youtube.com/watch?v=R8KblG1S0_A,The Rum Diary (film),0,0,1,0,1,0,0,0,0,0
https://www.youtube.com/watch?v=IaCvEwm3SXs,Scream 4,0,0,0,0,0,1,1,0,0,0
https://www.youtube.com/watch?v=Wh3X5JB5urs,Season of the Witch (2011 film),1,1,0,0,0,0,0,0,0,0
https://www.youtube.com/watch?v=ULybKyCjhnA,Shark Night 3D,0,0,0,0,0,1,0,0,0,1
https://www.youtube.com/watch?v=yhBpgqXwrt8,The Smurfs (film),1,0,1,0,0,0,0,0,0,0
https://www.youtube.com/watch?v=Aa93drpm30E,Snow Flower and the Secret Fan (film),0,0,0,0,1,0,0,0,0,0
https://www.youtube.com/watch?v=NzfBl8mfpck,Something Borrowed (film),0,0,1,0,1,0,0,1,0,0
https://www.youtube.com/watch?v=7U9OslXVjdM,The Son of No One,0,0,0,1,1,0,0,0,0,1
https://www.youtube.com/watch?v=MWeOjBCi3c4,Soul Surfer (film),0,0,0,0,1,0,0,0,0,0
https://www.youtube.com/watch?v=tKcDnd9PFE0,Source Code,0,0,0,0,0,0,1,0,1,1
https://www.youtube.com/watch?v=TCrwSCHC6n8,Straw Dogs (2011 film),0,0,0,0,0,1,0,0,0,1
https://www.youtube.com/watch?v=XAnnWoXD2tI,Sucker Punch (2011 film),1,1,0,0,0,0,0,0,0,0
https://www.youtube.com/watch?v=eL57ncw2jr8,Super (2010 American film),0,0,1,1,0,0,0,0,0,0
https://www.youtube.com/watch?v=vpzUCA5i6zY,Super 8 (film),0,0,0,0,0,0,1,0,1,1
https://www.youtube.com/watch?v=I5U4TtYpKIc,Take Shelter,0,0,0,0,1,0,0,0,0,1
https://www.youtube.com/watch?v=UKjErC2JLQc,The Thing (2011 film),0,0,0,0,0,1,0,0,1,0
https://www.youtube.com/watch?v=npvJ9FTgZbM,Thor (film),1,1,0,0,0,0,0,0,0,0
https://www.youtube.com/watch?v=TYic5JxgTMc,The Three Musketeers (2011 film),1,1,0,0,0,0,0,1,0,0
https://www.youtube.com/watch?v=Z4KXF7NWFRE,Tower Heist,0,1,1,1,0,0,0,0,0,0
https://www.youtube.com/watch?v=WXRYA1dxP_0,The Tree of Life (film),0,0,0,0,1,0,0,0,0,0
https://www.youtube.com/watch?v=1rolBdc_mjs,Trespass (2011 film),0,0,0,1,1,0,0,0,0,1
https://www.youtube.com/watch?v=I5kzcwcQA1Q,Warrior (2011 film),0,0,0,0,1,0,0,0,0,0
https://www.youtube.com/watch?v=_6b2XhXkPpg,Water for Elephants (film),0,0,0,0,1,0,0,1,0,0
https://www.youtube.com/watch?v=Qolm1B7y3xk,Winnie the Pooh (2011 film),1,0,1,0,0,0,0,0,0,0
https://www.youtube.com/watch?v=FplWxtPzWY8,Your Highness,1,0,1,0,0,0,0,0,0,0
https://www.youtube.com/watch?v=nfkiFVhiIYw,21 Jump Street (film),0,1,1,1,0,0,0,0,0,0
https://www.youtube.com/watch?v=5FV4oqBqOHI,About Cherry,0,0,0,0,1,0,0,0,0,0
https://www.youtube.com/watch?v=ZnlPgo9TaGo,Act of Valor,0,1,0,0,0,0,0,0,0,1
https://www.youtube.com/watch?v=31_NVBkdOzo,Alex Cross (film),0,1,0,1,0,0,1,0,0,1
https://www.youtube.com/watch?v=1akixU65dDY,American Reunion,0,0,1,0,0,0,0,0,0,0
https://www.youtube.com/watch?v=UmJSV9ePx7c,Arbitrage (film),0,0,0,0,1,0,0,0,0,1
https://www.youtube.com/watch?v=JW3WfSFgrVY,Argo (2012 film),0,0,0,0,1,0,0,0,0,1
https://www.youtube.com/watch?v=tl3c9kQeuE8,ATM (film),0,0,0,0,0,1,0,0,0,1
https://www.youtube.com/watch?v=8aXt6qV4WoA,Bachelorette (film),0,0,1,0,0,0,0,1,0,0
https://www.youtube.com/watch?v=cp3646Zf8rg,Battleship (film),1,1,0,0,0,0,0,0,1,1
https://www.youtube.com/watch?v=ZF7i2n5NXLo,Beasts of the Southern Wild,0,0,0,0,1,0,0,0,0,0
https://www.youtube.com/watch?v=YJuhWKcY_6U,Bernie (2011 film),0,0,1,1,1,0,0,0,0,0
https://www.youtube.com/watch?v=fwavA7RIVpQ,Big Miracle,0,0,0,0,1,0,0,1,0,0
https://www.youtube.com/watch?v=QPofHkR5K9E,Brake (film),0,0,0,0,0,0,0,0,0,1
https://www.youtube.com/watch?v=TEHWDA_6e3M,Brave (2012 film),1,0,1,0,0,0,0,0,0,0
https://www.youtube.com/watch?v=5nfkvOJQRXk,California Solo,0,0,0,0,1,0,0,0,0,0
https://www.youtube.com/watch?v=yOrOPIqAlCk,Casa de Mi Padre,0,0,1,0,0,0,0,0,0,0
https://www.youtube.com/watch?v=jh09vEGNrXc,Chasing Mavericks,0,0,0,0,1,0,0,0,0,0
https://www.youtube.com/watch?v=NjTwbStRnf4,Chronicle (film),0,0,0,0,1,0,0,0,1,1
https://www.youtube.com/watch?v=hWnAqFyaQ5s,Cloud Atlas (film),0,0,0,0,1,0,0,0,1,0
https://www.youtube.com/watch?v=WdONydDX44I,Compliance (film),0,0,0,1,1,0,0,0,0,1
https://www.youtube.com/watch?v=SjcCbSmF_OA,Contraband (2012 film),0,1,0,1,1,0,0,0,0,1
https://www.youtube.com/watch?v=oPDGO0reuhg,Crazy Eyes (film),0,0,1,0,0,0,0,0,0,0
https://www.youtube.com/watch?v=3ArAWYKDONY,Crooked Arrows,0,0,0,0,1,0,0,0,0,0
https://www.youtube.com/watch?v=N6tVdffCr_M,Dark Shadows (film),0,0,1,0,0,1,0,0,0,0
https://www.youtube.com/watch?v=Q4IASREmPMY,Deadfall (2012 film),0,0,0,1,1,0,0,0,0,1
https://www.youtube.com/watch?v=_VhZn6DvUkw,Deadline (2012 film),0,0,0,0,1,1,0,0,0,1
https://www.youtube.com/watch?v=frzcWewOwcA,Detention of the Dead,0,0,1,0,0,1,0,0,0,0
https://www.youtube.com/watch?v=eUdM9vrCbow,Django Unchained,0,0,0,0,0,0,0,0,0,0
https://www.youtube.com/watch?v=mf2K9GzgiF0,End of Watch,0,0,0,1,1,0,0,0,0,1
https://www.youtube.com/watch?v=wZdpNglLbt8,Finding Nemo,1,0,1,0,0,0,0,0,0,0
https://www.youtube.com/watch?v=Aqn2L6kQQt8,Flight (2012 film),0,0,0,0,1,0,0,0,0,1
https://www.youtube.com/watch?v=29vIJQohUWE,Frankenweenie (2012 film),0,0,1,0,0,1,0,0,1,0
https://www.youtube.com/watch?v=TPaYkQc1Ylw,Fun Size,0,0,1,0,0,0,0,0,0,0
https://www.youtube.com/watch?v=mRn2kNHHtXA,Girl in Progress,0,0,1,0,1,0,0,0,0,0
https://www.youtube.com/watch?v=VRWF4cepn8U,The Grey (film),1,0,0,0,1,0,0,0,0,1
https://www.youtube.com/watch?v=ezuLn0Eel6g,The Guilt Trip (film),0,0,1,0,1,0,0,0,0,0
https://www.youtube.com/watch?v=dIim4QmU_c0,High School (2012 film),0,0,1,0,0,0,0,0,0,0
https://www.youtube.com/watch?v=6nZlXB5okeo,Hit and Run (2012 film),0,1,1,0,0,0,0,1,0,0
https://www.youtube.com/watch?v=fQYEiC4CuD4,Hope Springs (2012 film),0,0,1,0,1,0,0,1,0,0
https://www.youtube.com/watch?v=q4RK3jY7AVk,Hotel Transylvania,0,0,1,0,0,0,0,0,0,0
https://www.youtube.com/watch?v=9SNvuq7bULo,House at the End of the Street,0,0,0,0,0,1,1,0,0,1
https://www.youtube.com/watch?v=FovFG3N_RSU,The Hunger Games (film),1,0,0,0,0,0,0,0,1,0
https://www.youtube.com/watch?v=6Rf55GTEZ_E,John Carter (film),1,1,0,0,0,0,0,0,1,0
https://www.youtube.com/watch?v=fJnqTSDSEO4,Joyful Noise (film),0,0,1,0,0,0,0,0,0,0
https://www.youtube.com/watch?v=cxpvzmvFHTM,Killer Joe (film),0,0,0,1,1,0,0,0,0,1
https://www.youtube.com/watch?v=4Zl7S1LaPMU,Lawless (film),0,0,0,1,1,0,0,0,0,0
https://www.youtube.com/watch?v=mZEZ35Fhvuc,Life of Pi (film),1,0,0,0,1,0,0,0,0,0
https://www.youtube.com/watch?v=EC0_7Eiiu3Y,Lincoln (2012 film),0,0,0,0,1,0,0,0,0,0
https://www.youtube.com/watch?v=zLTOzu8N1Pg,Lockout (film),0,1,0,0,1,0,0,0,1,1
https://www.youtube.com/watch?v=2iQuhsmtfHw,Looper (film),0,1,0,1,0,0,0,0,1,1
https://www.youtube.com/watch?v=yRvEa7aOZEE,The Lorax (film),0,0,1,0,0,0,0,0,0,0
https://www.youtube.com/watch?v=9w8lE83oYeM,The Lucky One (film),0,0,0,0,1,0,0,1,0,0
https://www.youtube.com/watch?v=eMU7s6cwxEM,Magic Mike,0,0,1,0,1,0,0,0,0,0
https://www.youtube.com/watch?v=sBJSfqdhyTg,Man on a Ledge,0,1,0,1,0,0,0,0,0,1
https://www.youtube.com/watch?v=mVi4yXNWZf8,The Man with the Iron Fists,0,1,0,0,0,0,0,0,0,0
https://www.youtube.com/watch?v=fJ1O1vb9AUU,The Master (2012 film),0,0,0,0,1,0,0,0,0,0
https://www.youtube.com/watch?v=IyaFEBI_L24,Men in Black 3,0,1,1,0,0,0,0,0,1,0
https://www.youtube.com/watch?v=YgbH05rQx1s,Mirror Mirror (film),1,0,1,0,1,0,0,0,0,0
https://www.youtube.com/watch?v=7N8wkVA4_8s,Moonrise Kingdom,1,0,1,0,1,0,0,1,0,0
https://www.youtube.com/watch?v=K7Rqrts4jPM,One for the Money (film),0,1,1,1,0,0,0,1,0,1
https://www.youtube.com/watch?v=FJOysq4B2Jw,The Oogieloves in the Big Balloon Adventure,1,0,0,0,0,0,0,0,0,0
https://www.youtube.com/watch?v=g7Xn2JqH5ng,Paranormal Activity 4,0,0,0,0,0,1,0,0,0,0
https://www.youtube.com/watch?v=hgwSpajMw3s,ParaNorman,1,0,1,0,0,0,0,0,0,0
https://www.youtube.com/watch?v=5UzcG2EsACM,Parental Guidance (film),0,0,1,0,0,0,0,0,0,0
https://www.youtube.com/watch?v=LomUmAONUpo,People Like Us (film),0,0,0,0,1,0,0,0,0,0
https://www.youtube.com/watch?v=n5rh7O4IDc0,The Perks of Being a Wallflower (film),0,0,0,0,1,0,0,1,0,0
https://www.youtube.com/watch?v=_XIyJO6vf3c,Piranha 3DD,0,0,1,0,0,1,0,0,0,0
https://www.youtube.com/watch?v=6bh4mvJ5jUg,Pitch Perfect,0,0,1,0,0,0,0,1,0,0
https://www.youtube.com/watch?v=0gBeG31fX40,The Possession (2012 film),0,0,0,0,0,1,0,0,0,1
https://www.youtube.com/watch?v=Pn6ie1zCkZU,Premium Rush,0,1,0,1,0,0,0,0,0,1
https://www.youtube.com/watch?v=s4po7zgucr4,Price Check,0,0,1,0,1,0,0,0,0,0
https://www.youtube.com/watch?v=QBv54LhBWyQ,Project X (2012 film),0,0,1,1,0,0,0,0,0,0
https://www.youtube.com/watch?v=93rPjItBZHw,Prometheus (2012 film),1,0,0,0,0,0,1,0,1,0
https://www.youtube.com/watch?v=vYAZnVk0Czw,The Raven (2012 film),0,0,0,1,0,0,1,0,0,1
https://www.youtube.com/watch?v=nGoe7BdGdlg,Red Dawn (2012 film),0,1,0,0,0,0,0,0,0,1
https://www.youtube.com/watch?v=BpA6TC0T_Lw,Red Tails,1,1,0,0,1,0,0,0,0,0
https://www.youtube.com/watch?v=aPLiBxhoug0,Rise of the Guardians,1,0,0,0,0,0,0,0,0,0
https://www.youtube.com/watch?v=TT_Ytd21mKg,Rock of Ages (2012 film),0,0,1,0,1,0,0,1,0,0
https://www.youtube.com/watch?v=1IfQY4fNcnw,Safe House (2012 film),0,1,0,1,0,0,1,0,0,1
https://www.youtube.com/watch?v=73jSnAs7mq8,Safety Not Guaranteed,0,0,1,0,1,0,0,1,0,0
https://www.youtube.com/watch?v=8imzQaoEwsA,Savages (2012 film),0,0,0,1,1,0,0,0,0,1
https://www.youtube.com/watch?v=pW_OyiUgW88,Seeking a Friend for the End of the World,1,0,1,0,1,0,0,1,1,0
https://www.youtube.com/watch?v=zymGiLJBpB8,The Sessions (film),0,0,1,0,1,0,0,1,0,0
https://www.youtube.com/watch?v=Lj5_FhLaaQQ,Silver Linings Playbook,0,0,1,0,1,0,0,1,0,0
https://www.youtube.com/watch?v=_kbQAJR9YWQ,Sinister (film),0,0,0,0,0,1,1,0,0,0
https://www.youtube.com/watch?v=KeKLxspQWl8,Smashed (film),0,0,0,0,1,0,0,0,0,0
https://www.youtube.com/watch?v=k49K3b4vuwE,Sparkle (2012 film),0,0,0,0,1,0,0,0,0,0
https://www.youtube.com/watch?v=aEAt9eTi72w,Step Up Revolution,0,0,0,0,1,0,0,1,0,0
https://www.youtube.com/watch?v=rpMxOjUjweA,Stolen (2012 film),0,1,0,1,1,0,0,0,0,1
https://www.youtube.com/watch?v=8YBlnHxkCJc,Ted (film),0,0,1,0,0,0,0,0,0,0
https://www.youtube.com/watch?v=F7VmU8aHAtw,Think Like a Man,0,0,1,0,0,0,0,1,0,0
https://www.youtube.com/watch?v=6sGkPwrze0o,This Is 40,0,0,1,0,0,0,0,0,0,0
https://www.youtube.com/watch?v=oleuD8479uM,This Means War (film),0,1,1,0,0,0,0,1,0,0
https://www.youtube.com/watch?v=N6AxRCP3e4s,A Thousand Words (film),0,0,1,0,1,0,0,0,0,0
https://www.youtube.com/watch?v=zCy5WQ9S4c0,Titanic (1997 film),0,0,0,0,1,0,0,1,0,0
https://www.youtube.com/watch?v=_pV2zz3z0oM,Total Recall (2012 film),1,1,0,0,0,0,1,0,1,1
https://www.youtube.com/watch?v=J0rAWFJ3KFc,Touchback (film),0,0,0,0,1,0,0,0,0,0
https://www.youtube.com/watch?v=SUe728gcogM,The Vow (2012 film),0,0,0,0,1,0,0,1,0,0
https://www.youtube.com/watch?v=cYERNojq5AM,The Watch (2012 film),0,1,1,0,0,0,0,0,1,0
https://www.youtube.com/watch?v=gjmrDDD9o_k,The Words (film),0,0,0,0,1,0,1,1,0,0
https://www.youtube.com/watch?v=Xs7fzOrUopc,Wrath of the Titans,1,1,0,0,0,0,0,0,0,0
https://www.youtube.com/watch?v=KrDg_6rxCzs,12 Years a Slave (film),0,0,0,0,1,0,0,0,0,0
https://www.youtube.com/watch?v=tWyUJcA8Zfo,20 Feet from Stardom,0,0,0,0,0,0,0,0,0,0
https://www.youtube.com/watch?v=wqpZSOh0o5w,42 (film),0,0,0,0,1,0,0,0,0,0
https://www.youtube.com/watch?v=j8cKdDkkIYY,47 Ronin (2013 film),1,1,0,0,1,0,0,0,0,0
https://www.youtube.com/watch?v=3w0mN9A9cAU,Admission (2013 film),0,0,1,0,1,0,0,1,0,0
https://www.youtube.com/watch?v=CZIt20emgLY,After Earth,1,1,0,0,0,0,0,0,1,0
https://www.youtube.com/watch?v=VoyGUt5PIQ8,Aftershock (2012 film),0,0,0,0,0,1,0,0,0,1
https://www.youtube.com/watch?v=dqGUL6LD2lE,Alone Yet Not Alone,0,0,0,0,0,0,0,0,0,0
https://www.youtube.com/watch?v=ST7a1aK_lG0,American Hustle (2013 film),0,0,0,1,1,0,0,0,0,0
https://www.youtube.com/watch?v=QibqRB9Gs9k,Battle of the Year (film),0,0,0,0,0,0,0,0,0,0
https://www.youtube.com/watch?v=eLDL5mxgYNY,Beautiful Creatures (2013 film),0,0,0,0,1,0,0,1,0,0
https://www.youtube.com/watch?v=iKayhS8eS5k,Beyond the Farthest Star (film),0,0,0,0,1,0,0,0,0,1
https://www.youtube.com/watch?v=FER3C394aI8,Blue Jasmine,0,0,0,0,1,0,0,0,0,0
https://www.youtube.com/watch?v=Q3HgYu1atOo,Broken City (film),0,0,0,1,1,0,0,0,0,1
https://www.youtube.com/watch?v=UuCUpV81tNE,Bullet to the Head,0,1,0,1,0,0,0,0,0,1
https://www.youtube.com/watch?v=_3ASoBrFGlc,Captain Phillips (film),0,0,0,0,1,0,0,0,0,1
https://www.youtube.com/watch?v=qSn7JyijA8k,Carrie (2013 film),0,0,0,0,1,1,0,0,0,0
https://www.youtube.com/watch?v=HwXbtZXjbVE,Despicable Me 2,0,0,1,0,0,0,0,0,0,0
https://www.youtube.com/watch?v=aqCcQOlDM4o,Disconnect (film),0,0,0,0,1,0,0,0,0,1
https://www.youtube.com/watch?v=6615kYTpOSU,Don Jon,0,0,1,0,1,0,0,1,0,0
https://www.youtube.com/watch?v=T3z2ryJ2960,Epic (2013 film),1,0,0,0,0,0,0,0,0,0
https://www.youtube.com/watch?v=Q1NhAUsyslk,Escape from Planet Earth,1,0,1,0,0,0,0,0,1,0
https://www.youtube.com/watch?v=CI4EjV_x_PQ,Escape Plan (film),0,1,0,0,0,0,1,0,0,1
https://www.youtube.com/watch?v=clEXNgH6Oj8,Evil Dead (2013 film),0,0,0,0,0,1,0,0,0,0
https://www.youtube.com/watch?v=UhxSOkTFGvo,Free Birds,1,0,1,0,0,0,0,0,0,0
https://www.youtube.com/watch?v=FLzfXQSPBOg,Frozen (2013 film),1,0,1,0,0,0,0,0,0,0
https://www.youtube.com/watch?v=qilrVR0miPU,Gangster Squad,0,1,0,1,1,0,0,0,0,1
https://www.youtube.com/watch?v=7ZF4jzMJ1oI,Getaway (film),0,1,0,1,0,0,0,0,0,1
https://www.youtube.com/watch?v=OiTiKOy59o4,Gravity (film),0,0,0,0,0,0,0,0,1,1
https://www.youtube.com/watch?v=YhOWtVElqfw,Grown Ups 2,0,0,1,0,0,0,0,0,0,0
https://www.youtube.com/watch?v=6QRvTv_tpw0,Her (film),0,0,0,0,1,0,0,1,1,0
https://www.youtube.com/watch?v=280VyEaI7zY,Home Run (film),0,0,0,0,1,0,0,0,0,0
https://www.youtube.com/watch?v=tjSOj8b804U,Homefront (film),0,1,0,1,1,0,0,0,0,1
https://www.youtube.com/watch?v=uO12W35DpsQ,Identity Thief,0,0,1,1,0,0,0,0,0,0
https://www.youtube.com/watch?v=LFphYRyH7wc,Inside Llewyn Davis,0,0,0,0,1,0,0,0,0,0
https://www.youtube.com/watch?v=oYSD2VQagc4,Iron Man 3,1,1,0,0,0,0,0,0,1,0
https://www.youtube.com/watch?v=ng9rjC8MOgU,Jack the Giant Slayer,1,0,0,0,0,0,0,0,0,0
https://www.youtube.com/watch?v=3WPLVEUx5AU,Joe (2013 film),0,0,0,0,1,0,0,0,0,0
https://www.youtube.com/watch?v=TvK3m0wJutI,Last Vegas,0,0,1,0,0,0,0,0,0,0
https://www.youtube.com/watch?v=M29yK7WWeKY,Life of Crime (film),0,0,1,1,0,0,0,0,0,0
https://www.youtube.com/watch?v=gOZeunWBhe4,Lovelace (film),0,0,0,0,1,0,0,0,0,0
https://www.youtube.com/watch?v=yoLFk4JK_RM,Lone Survivor (film),0,1,0,0,1,0,0,0,0,1
https://www.youtube.com/watch?v=KVu3gS7iJu4,Man of Steel (film),1,1,0,0,0,0,0,0,1,0
https://www.youtube.com/watch?v=xBzPioph8CI,Monsters University,1,0,1,0,0,0,0,0,0,0
https://www.youtube.com/watch?v=A9fBCkwDW8c,Movie 43,0,0,1,0,0,0,0,0,0,0
https://www.youtube.com/watch?v=Z4HxhzBG0ag,No One Lives,0,0,0,0,0,1,0,0,0,1
https://www.youtube.com/watch?v=KzJNYYkkhzc,Now You See Me (film),0,0,0,1,0,0,1,0,0,1
https://www.youtube.com/watch?v=WKz_AUF0GcU,Oldboy (2013 film),0,0,0,0,1,0,1,0,0,1
https://www.youtube.com/watch?v=vwx1f0kyNwI,Olympus Has Fallen,0,1,0,0,0,0,0,0,0,1
https://www.youtube.com/watch?v=Gw0qH34cbRE,Out of the Furnace,0,0,0,1,1,0,0,0,0,1
https://www.youtube.com/watch?v=DylgNj4YQVc,Oz the Great and Powerful,1,0,0,0,0,0,0,0,0,0
https://www.youtube.com/watch?v=0bdZWrW6HnA,Paranoia (2013 film),0,0,0,0,1,0,1,0,0,1
https://www.youtube.com/watch?v=UcoG6NwxEF4,Parker (2013 film),0,1,0,1,0,0,0,0,0,1
https://www.youtube.com/watch?v=dfg6V4tyfDY,Pawn Shop Chronicles,0,1,1,1,0,0,0,0,0,0
https://www.youtube.com/watch?v=hTGNNxqlba0,Phantom (2013 film),0,0,0,0,0,0,0,0,0,1
https://www.youtube.com/watch?v=3KumjBXHdzY,Planes (film),1,0,1,0,0,0,0,0,0,0
https://www.youtube.com/watch?v=gJGEu268KvI,Prince Avalanche,0,0,1,0,1,0,0,0,0,0
https://www.youtube.com/watch?v=bpXfcTF6iVk,Prisoners (2013 film),0,0,0,1,1,0,1,0,0,1
https://www.youtube.com/watch?v=ZfB8QwYBPxY,RED 2 (film),0,1,1,1,0,0,0,0,0,1
https://www.youtube.com/watch?v=3gnPWosJqyw,A Resurrection (film),0,0,0,0,0,1,0,0,0,1
https://www.youtube.com/watch?v=F1Dm9zRogpE,Riddick (film),0,1,0,0,0,0,0,0,1,1
https://www.youtube.com/watch?v=dyboDr1e2xI,Runner Runner (film),0,0,0,1,0,0,0,0,0,1
https://www.youtube.com/watch?v=pIyzsTVx1TY,Saving Santa,1,0,1,0,0,0,0,0,0,0
https://www.youtube.com/watch?v=RMDZ8M47j0I,Scary Movie 5,0,0,1,0,0,0,0,0,0,0
https://www.youtube.com/watch?v=cEQDMFveSbQ,Side Effects (2013 film),0,0,0,1,1,0,0,0,0,1
https://www.youtube.com/watch?v=rieI5g9fgRc,Snitch (film),0,1,0,0,1,0,0,0,0,1
https://www.youtube.com/watch?v=oaeVPdsVkyA,Spring Breakers,0,1,0,1,1,0,0,0,0,0
https://www.youtube.com/watch?v=NApJNjPTqZs,Stand Up Guys,0,0,1,1,0,0,0,0,0,1
https://www.youtube.com/watch?v=QAEkuVgt6Aw,Star Trek Into Darkness,1,1,0,0,0,0,0,0,1,0
https://www.youtube.com/watch?v=JNpDG4WR_74,Stoker (film),0,0,0,0,1,0,1,0,0,1
https://www.youtube.com/watch?v=75TvtJIbbNY,Texas Chainsaw 3D,0,0,0,0,0,1,0,0,0,1
https://www.youtube.com/watch?v=kliQSsD_npo,This Is the End,0,0,1,0,0,0,0,0,0,0
https://www.youtube.com/watch?v=QULzGYRThH8,Turbo (film),1,0,1,0,0,0,0,0,0,0
https://www.youtube.com/watch?v=90PWFEeRApA,Unsupersize Me (page does not exist),0,0,1,0,1,0,0,0,0,0
https://www.youtube.com/watch?v=5U9KmAlrEXU,Upstream Color,0,0,0,0,1,0,1,0,1,0
https://www.youtube.com/watch?v=P7lBKBxIwGM,Walking with Dinosaurs (film),1,0,0,0,0,0,0,0,0,0
https://www.youtube.com/watch?v=c9RQe5WBbww,Warm Bodies (film),0,0,1,0,0,1,0,1,0,0
https://www.youtube.com/watch?v=YLcYL38fcUE,Welcome to the Jungle (2013 film),1,1,1,0,0,0,0,0,0,1
https://www.youtube.com/watch?v=4AXbiCdmXgw,White House Down,0,1,0,0,1,0,0,0,0,1
https://www.youtube.com/watch?v=Md6Dvxdr0AQ,World War Z (film),1,1,0,0,0,1,0,0,1,1
https://www.youtube.com/watch?v=jcdhyaP0T7g,The Legend of Hercules,1,1,0,0,0,0,0,0,0,0
https://www.youtube.com/watch?v=fq4qP2oSpIA,The Nut Job,1,0,1,0,0,0,0,0,0,0
https://www.youtube.com/watch?v=kdXo4vBgG7I,Ride Along (film),0,1,1,0,0,0,0,0,0,0
https://www.youtube.com/watch?v=QOQL3Xi8dPE,Labor Day (film),0,0,0,0,1,0,0,0,0,0
https://www.youtube.com/watch?v=wRcVgJjnFLo,That Awkward Moment,0,0,1,0,0,0,0,1,0,0
https://www.youtube.com/watch?v=CreneTs7sGs,The Monuments Men,0,0,0,0,1,0,0,0,0,0
https://www.youtube.com/watch?v=nNZFE3z0T7E,About Last Night (2014 film),0,0,1,0,0,0,0,1,0,0
https://www.youtube.com/watch?v=TRXGch6675Q,Endless Love (2014 film),0,0,0,0,1,0,0,1,0,0
https://www.youtube.com/watch?v=UuVphAuRo7Q,RoboCop (2014 film),0,1,0,0,0,0,0,0,1,1
https://www.youtube.com/watch?v=yswZKfnmf7c,3 Days to Kill,0,1,0,0,1,0,0,0,0,1
https://www.youtube.com/watch?v=eoWlZmwt8ac,Barefoot (film),0,0,1,0,1,0,0,1,0,0
https://www.youtube.com/watch?v=WcIXCok9HPg,Son of God (film),0,0,0,0,1,0,0,0,0,0
https://www.youtube.com/watch?v=T66eklvAqUw,Better Living Through Chemistry (film),0,0,1,0,1,0,0,0,0,0
https://www.youtube.com/watch?v=e73J71RZRn8,Need for Speed (film),0,1,0,1,1,0,0,0,0,1
https://www.youtube.com/watch?v=gPMKb2ubuDQ,Cheap Thrills,0,0,1,1,1,0,0,0,0,1
https://www.youtube.com/watch?v=sutgWjz10sM,Divergent (film),1,0,0,0,0,0,0,0,1,1
https://www.youtube.com/watch?v=DQiGyBiNjLI,Muppets Most Wanted,1,0,1,1,0,0,0,0,0,0
https://www.youtube.com/watch?v=6qmj5mhDwJQ,Noah (2014 film),1,1,0,0,1,0,0,0,0,0
https://www.youtube.com/watch?v=8HDArXZgrsE,Sabotage (2014 film),0,1,0,1,1,0,0,0,0,1
https://www.youtube.com/watch?v=K3SlVsdUuBY,Draft Day,0,0,0,0,1,0,0,0,0,0
https://www.youtube.com/watch?v=dYJrxezWLUk,Oculus (film),0,0,0,0,0,1,0,0,0,0
https://www.youtube.com/watch?v=leJuOObuCxM,Rio 2,1,0,1,0,0,0,0,0,0,0
https://www.youtube.com/watch?v=K6sCnXb3Njg,Heaven Is for Real (film),0,0,0,0,1,0,0,0,0,0
https://www.youtube.com/watch?v=eDyh9YloMVk,A Haunted House 2,0,0,1,0,0,1,0,0,0,0
https://www.youtube.com/watch?v=WwtxMa4bU04,Transcendence (2014 film),0,0,0,0,1,0,1,1,1,1
https://www.youtube.com/watch?v=dLaBxTeRHV4,13 Sins,0,0,1,0,0,1,0,0,0,1
https://www.youtube.com/watch?v=4CzcsN4k9FM,Brick Mansions,0,1,0,1,1,0,0,0,0,1
https://www.youtube.com/watch?v=7KrX7HGjt4k,The Other Woman (2014 film),0,0,1,0,0,0,0,1,0,0
https://www.youtube.com/watch?v=yejorH_XH7A,Decoding Annie Parker,0,0,0,0,1,0,0,0,0,0
https://www.youtube.com/watch?v=kL5c2szf3E4,Neighbors (2014 film),0,0,1,0,0,0,0,0,0,0
https://www.youtube.com/watch?v=MSrUHoc9LIE,Godzilla (2014 film),1,1,0,0,0,0,0,0,1,1
https://www.youtube.com/watch?v=lEtNIoPxcq8,Million Dollar Arm,0,0,0,0,1,0,0,0,0,0
https://www.youtube.com/watch?v=8MuWt2X59fo,Blended (film),0,0,1,0,0,0,0,1,0,0
https://www.youtube.com/watch?v=eGFUDQvUjjw,Maleficent (film),1,1,0,0,0,0,0,1,0,0
https://www.youtube.com/watch?v=CXxqG4aqwY4,A Million Ways to Die in the West,0,0,1,0,0,0,0,0,0,0
https://www.youtube.com/watch?v=yUmSVcttXnI,Edge of Tomorrow (film),1,1,0,0,0,0,1,0,1,0
https://www.youtube.com/watch?v=9ItBvH5J6ss,The Fault in Our Stars (film),0,0,0,0,1,0,0,1,0,0
https://www.youtube.com/watch?v=v9S_dYuq0vE,22 Jump Street,0,1,1,1,0,0,0,0,0,0
https://www.youtube.com/watch?v=Z9a4PvzlqoQ,How to Train Your Dragon 2,1,1,1,0,0,0,0,0,0,0
https://www.youtube.com/watch?v=gwgfeR2pMuE,The Signal (2014 film),0,0,0,0,0,0,0,0,1,1
https://www.youtube.com/watch?v=tL2iILHUsG0,Jersey Boys (film),0,0,0,0,1,0,0,0,0,0
https://www.youtube.com/watch?v=N8b6kVSZNLE,Think Like a Man Too,0,0,1,0,0,0,0,0,0,0
https://www.youtube.com/watch?v=JBxTF_DxN8k,Deliver Us from Evil (2014 film),0,0,0,0,0,1,0,0,0,1
https://www.youtube.com/watch?v=qwI8y3_Lvto,Earth to Echo,1,0,0,0,0,0,0,0,1,0
https://www.youtube.com/watch?v=N8d6Bpl2eAo,Tammy (film),0,0,1,0,0,0,0,0,0,0
https://www.youtube.com/watch?v=Y0oX0xiwOv8,Boyhood (film),0,0,0,0,1,0,0,0,0,0
https://www.youtube.com/watch?v=3sHMCRaS3ao,Dawn of the Planet of the Apes,0,1,0,0,1,0,0,0,1,1
https://www.youtube.com/watch?v=sxl4aOyHSwo,Sex Tape (film),0,0,1,0,0,0,0,1,0,0
https://www.youtube.com/watch?v=aCponfeWNOI,Wish I Was Here,0,0,1,0,1,0,0,0,0,0
https://www.youtube.com/watch?v=42Ejhe6dWpA,And So It Goes (film),0,0,1,0,1,0,0,1,0,0
https://www.youtube.com/watch?v=OwlynHlZEc4,Hercules (2014 film),1,1,0,0,0,0,0,0,0,0
https://www.youtube.com/watch?v=d96cjJhvlMA,Guardians of the Galaxy (film),1,1,0,0,0,0,0,0,1,0
https://www.youtube.com/watch?v=A_kj8EKhV3w,Into the Storm (2014 film),0,1,0,0,0,0,0,0,0,1
https://www.youtube.com/watch?v=VZZ0PnDZdZk,Teenage Mutant Ninja Turtles (2014 film),1,1,1,0,0,0,0,0,1,0
https://www.youtube.com/watch?v=4xD0junWlFc,The Expendables 3,1,1,0,0,0,0,0,0,0,1
https://www.youtube.com/watch?v=iJNNugNe0Wo,The Giver (film),0,0,0,0,1,0,0,0,1,0
https://www.youtube.com/watch?v=rMp896hfp74,If I Stay (film),0,0,0,0,1,0,0,1,0,0
https://www.youtube.com/watch?v=gMDymk_gx3A,Dolphin Tale 2,0,0,0,0,1,0,0,0,0,0
https://www.youtube.com/watch?v=AwwbhhjQ9Xk,The Maze Runner (film),0,1,0,0,0,0,1,0,1,1
https://www.youtube.com/watch?v=Q2dFVnp5K0o,The Boxtrolls,1,0,1,0,0,0,0,0,0,0
https://www.youtube.com/watch?v=jAI7rF0eQyQ,The Equalizer (film),0,1,0,1,0,0,0,0,0,1
https://www.youtube.com/watch?v=jdUysoK6tdQ,Annabelle (film),0,0,0,0,0,1,0,0,0,0
https://www.youtube.com/watch?v=QZsF7IRTgMQ,Gone Girl (film),0,0,0,0,1,0,1,0,0,1
https://www.youtube.com/watch?v=c2tI5zW3IU8,The Good Lie,0,0,0,0,1,0,0,0,0,0
https://www.youtube.com/watch?v=GrXe8YDbzYs,Left Behind (2014 film),0,1,0,0,0,0,0,0,1,1
https://www.youtube.com/watch?v=8ikeVQ8WAcQ,The Judge (2014 film),0,0,0,0,1,0,0,0,0,0
https://www.youtube.com/watch?v=DNHuK1rteF4,Fury (2014 film),0,1,0,0,1,0,0,0,0,0
https://www.youtube.com/watch?v=X8kYDQan8bw,Nightcrawler (film),0,0,0,1,0,0,0,0,0,1
https://www.youtube.com/watch?v=_T1Jj1inE8M,Ouija (2014 film),0,0,0,0,0,1,0,0,0,0
https://www.youtube.com/watch?v=2LqzF5WauAw,Interstellar (film),1,0,0,0,0,0,0,0,1,0
https://www.youtube.com/watch?v=bT8qmoCgxZg,Big Hero 6 (film),1,1,1,0,0,0,0,0,1,0
https://www.youtube.com/watch?v=lGXHVlEklgQ,Dumb and Dumber To,0,0,1,0,0,0,0,0,0,0
https://www.youtube.com/watch?v=wZfs22E7JmI,Inherent Vice (film),0,0,0,1,1,0,1,0,0,0
https://www.youtube.com/watch?v=fyXHFPOvDSY,Annie (2014 film),0,0,1,0,1,0,0,0,0,0
https://www.youtube.com/watch?v=2xD9uTlh5hI,Big Eyes,0,0,0,0,1,0,0,0,0,0
https://www.youtube.com/watch?v=L6Yz5BRMGIQ,Into the Woods (film),1,0,0,0,0,0,0,0,0,0
https://www.youtube.com/watch?v=kk1M_HwmFMM,Unbroken (film),0,0,0,0,1,0,0,0,0,0
